{
  "summary": {
    "plain": {
      "meanRecallAt5": 0.7166666666666667,
      "meanNdcgAt5": 0.7577999193649239,
      "mrr": 0.8571428571428571,
      "meanLatencyMs": 1.1908094285714286,
      "totalEmbeds": 7
    },
    "mmr": {
      "meanRecallAt5": 0.5142857142857143,
      "meanNdcgAt5": 0.5689461947557175,
      "mrr": 0.8571428571428571,
      "meanLatencyMs": 1.5057678571428572,
      "totalEmbeds": 7
    },
    "rrf": {
      "meanRecallAt5": 0.7047619047619048,
      "meanNdcgAt5": 0.7504451530516424,
      "mrr": 0.8571428571428571,
      "meanLatencyMs": 1.9116130000000002,
      "totalEmbeds": 15
    },
    "hyde": {
      "meanRecallAt5": 0.8071428571428572,
      "meanNdcgAt5": 0.8786256529608067,
      "mrr": 1,
      "meanLatencyMs": 3.1125475714285713,
      "totalEmbeds": 15
    },
    "compound": {
      "meanRecallAt5": 0.8833333333333334,
      "meanNdcgAt5": 0.924579086354446,
      "mrr": 1,
      "meanLatencyMs": 5.183006,
      "totalEmbeds": 30
    },
    "adaptive": {
      "meanRecallAt5": 0.8833333333333334,
      "meanNdcgAt5": 0.9267024109730695,
      "mrr": 1,
      "meanLatencyMs": 5.771839285714286,
      "totalEmbeds": 37
    }
  },
  "perQuery": {
    "plain": [
      {
        "query": "auth (plain-favoring)",
        "kind": "plain",
        "hits": [
          "auth-1",
          "auth-3",
          "auth-4",
          "auth-0",
          "auth-2"
        ],
        "recall": 1,
        "ndcg": 1,
        "rr": 1,
        "ms": 1.711,
        "embeds": 1
      },
      {
        "query": "cache info (mmr-favoring)",
        "kind": "mmr",
        "hits": [
          "dup-extra-2",
          "dup-extra-1",
          "dup-4",
          "dup-0",
          "dup-2"
        ],
        "recall": 0.6,
        "ndcg": 0.6992148198508501,
        "rr": 1,
        "ms": 1.211125,
        "embeds": 1
      },
      {
        "query": "deploy and monitor (rrf-favoring)",
        "kind": "rrf",
        "hits": [
          "mi-deploy-2",
          "mi-monitor-0",
          "mi-deploy-1",
          "mi-deploy-0",
          "dup-extra-3"
        ],
        "recall": 0.6666666666666666,
        "ndcg": 0.8687949224876582,
        "rr": 1,
        "ms": 1.280125,
        "embeds": 1
      },
      {
        "query": "vector indexing (hyde-favoring)",
        "kind": "hyde",
        "hits": [
          "qa-1",
          "dup-extra-2",
          "qa-0",
          "mi-monitor-2",
          "qa-2"
        ],
        "recall": 0.75,
        "ndcg": 0.7365896932159578,
        "rr": 1,
        "ms": 0.985166,
        "embeds": 1
      },
      {
        "query": "unified (compound-favoring)",
        "kind": "compound",
        "hits": [
          "mi-monitor-0",
          "mi-monitor-2",
          "qa-1",
          "mi-monitor-1",
          "dup-extra-2"
        ],
        "recall": 0,
        "ndcg": 0,
        "rr": 0,
        "ms": 0.905542,
        "embeds": 1
      },
      {
        "query": "auth tokens (plain-favoring 2)",
        "kind": "plain",
        "hits": [
          "auth-3",
          "auth-1",
          "auth-4",
          "auth-0",
          "auth-2"
        ],
        "recall": 1,
        "ndcg": 1,
        "rr": 1,
        "ms": 1.180458,
        "embeds": 1
      },
      {
        "query": "cache TTL (plain-favoring 3)",
        "kind": "plain",
        "hits": [
          "dup-3",
          "dup-2",
          "dup-4",
          "dup-0",
          "dup-1"
        ],
        "recall": 1,
        "ndcg": 1,
        "rr": 1,
        "ms": 1.06225,
        "embeds": 1
      }
    ],
    "mmr": [
      {
        "query": "auth (plain-favoring)",
        "kind": "plain",
        "hits": [
          "auth-1",
          "auth-2",
          "auth-0",
          "qa-0",
          "auth-4"
        ],
        "recall": 0.8,
        "ndcg": 0.8539316501572937,
        "rr": 1,
        "ms": 3.450584,
        "embeds": 1
      },
      {
        "query": "cache info (mmr-favoring)",
        "kind": "mmr",
        "hits": [
          "dup-extra-2",
          "auth-2",
          "dup-extra-1",
          "dup-4",
          "dup-extra-3"
        ],
        "recall": 0.6,
        "ndcg": 0.639945385422766,
        "rr": 1,
        "ms": 2.019125,
        "embeds": 1
      },
      {
        "query": "deploy and monitor (rrf-favoring)",
        "kind": "rrf",
        "hits": [
          "mi-deploy-2",
          "mi-monitor-0",
          "mi-deploy-1",
          "dup-extra-3",
          "qa-2"
        ],
        "recall": 0.5,
        "ndcg": 0.7227265726449519,
        "rr": 1,
        "ms": 1.271708,
        "embeds": 1
      },
      {
        "query": "vector indexing (hyde-favoring)",
        "kind": "hyde",
        "hits": [
          "qa-1",
          "dup-2",
          "mi-monitor-2",
          "mi-deploy-1",
          "qa-2"
        ],
        "recall": 0.5,
        "ndcg": 0.5413996682199069,
        "rr": 1,
        "ms": 0.939166,
        "embeds": 1
      },
      {
        "query": "unified (compound-favoring)",
        "kind": "compound",
        "hits": [
          "mi-monitor-0",
          "qa-0",
          "qa-3",
          "auth-4",
          "dup-4"
        ],
        "recall": 0,
        "ndcg": 0,
        "rr": 0,
        "ms": 0.831042,
        "embeds": 1
      },
      {
        "query": "auth tokens (plain-favoring 2)",
        "kind": "plain",
        "hits": [
          "auth-3",
          "mi-monitor-0",
          "auth-1",
          "dup-extra-0",
          "auth-4"
        ],
        "recall": 1,
        "ndcg": 0.8854598815714874,
        "rr": 1,
        "ms": 1.018875,
        "embeds": 1
      },
      {
        "query": "cache TTL (plain-favoring 3)",
        "kind": "plain",
        "hits": [
          "dup-3",
          "auth-2",
          "dup-extra-0",
          "qa-3",
          "dup-extra-1"
        ],
        "recall": 0.2,
        "ndcg": 0.3391602052736161,
        "rr": 1,
        "ms": 1.009875,
        "embeds": 1
      }
    ],
    "rrf": [
      {
        "query": "auth (plain-favoring)",
        "kind": "plain",
        "hits": [
          "auth-1",
          "auth-3",
          "auth-4",
          "auth-0",
          "auth-2"
        ],
        "recall": 1,
        "ndcg": 1,
        "rr": 1,
        "ms": 1.135167,
        "embeds": 1
      },
      {
        "query": "cache info (mmr-favoring)",
        "kind": "mmr",
        "hits": [
          "dup-extra-2",
          "dup-4",
          "dup-2",
          "dup-extra-1",
          "dup-0"
        ],
        "recall": 0.6,
        "ndcg": 0.6164336326286644,
        "rr": 1,
        "ms": 2.890583,
        "embeds": 3
      },
      {
        "query": "deploy and monitor (rrf-favoring)",
        "kind": "rrf",
        "hits": [
          "mi-deploy-2",
          "mi-deploy-0",
          "mi-monitor-0",
          "mi-deploy-1",
          "mi-monitor-2"
        ],
        "recall": 0.8333333333333334,
        "ndcg": 1,
        "rr": 1,
        "ms": 2.884667,
        "embeds": 3
      },
      {
        "query": "vector indexing (hyde-favoring)",
        "kind": "hyde",
        "hits": [
          "qa-1",
          "qa-0",
          "dup-extra-2",
          "dup-0",
          "dup-2"
        ],
        "recall": 0.5,
        "ndcg": 0.6366824387328317,
        "rr": 1,
        "ms": 2.251583,
        "embeds": 3
      },
      {
        "query": "unified (compound-favoring)",
        "kind": "compound",
        "hits": [
          "auth-4",
          "dup-extra-2",
          "mi-deploy-2",
          "auth-1",
          "dup-extra-1"
        ],
        "recall": 0,
        "ndcg": 0,
        "rr": 0,
        "ms": 2.263,
        "embeds": 3
      },
      {
        "query": "auth tokens (plain-favoring 2)",
        "kind": "plain",
        "hits": [
          "auth-3",
          "auth-1",
          "auth-4",
          "auth-0",
          "auth-2"
        ],
        "recall": 1,
        "ndcg": 1,
        "rr": 1,